author_id,author_name
1,Delia Owens
2,JR Ward
3,Amor Towles
4,Bob Hall
5,James Patterson and Brendan DuBois
6,Heather Morris
7,A.J. Finn
8,Harlan Coben
9,Clive Cussler and Dirk Cussler
10,Alex Michaelides
11,Pam Jenoff
12,JA Jance
13,Gail Honeyman
14,Greg Iles
15,Michelle Obama
16,Tara Westover
17,Susan Page
18,Ben Shapiro
19,Ramin Setoodeh
20,Lori Gottlieb
21,Rick Reilly
22,John Carreyrou
23,Julie Yip-Williams
24,Patrick Radden Keefe
25,Preet Bharara
26,Trevor Noah
27,Douglas Brinkley
28,Pete Buttigieg
29,Ruth Reichl
30,Taylor Jenkins Reid
31,CJ Box
32,James Patterson and Max DiLallo
33,Stuart Woods
34,Tara Conklin
35,Jacqueline Winspear
36,Lisa See
37,Victor Davis Hanson
38,Valerie Jarrett
39,Kate Quinn
40,Anna Todd
41,Richard Powers
42,Lisa Jewell
43,W Bruce Cameron
44,Kristina McMorris
45,Chloe Benjamin
46,Yuval Noah Harari
47,Robin DiAngelo
48,Wright Thompson
49,Bessel van der Kolk
50,Stacey Abrams
51,Michelle McNamara
52,"Tommy Lee, Vince Neil, Mick Mars, Nikki Sixx and Neil Strauss"
53,Angela Duckworth
54,Daniel Kahneman
55,Kate T Parker
56,Bryan Stevenson
57,David Grann
58,Atul Gawande
59,John Grisham
60,Rachel Hollis
61,Oprah Winfrey
62,Mark Manson
63,Jeremy and Audrey Roloff
64,Jen Sincero
65,Gary Chapman
66,Brené Brown
67,Marie Kondo
68,Kristin Hensley and Jen Smedley
69,Matthew Gray Gubler
70,James Patterson and Chris Grabenstein
71,R.J. Palacio
72,Fred Rogers
73,Wesley King Created  Kobe Bryant
74,Alan Gratz
75,Jacqueline Woodson
76,James Patterson with Steven Butler
77,Meg Medina
78,Lincoln Peirce
79,Joanna Gaines and Kids
80,Emily Winfield Martin
81,James Dean and Kimberly Dean
82,Chelsea Clinton
83,Kate DiCamillo
84,Jory John.
85,Adam Rubin.
86,Hoda Kotb
87,Andrea Beaty
88,Kwame Alexander.
89,Dav Pilkey
91,Tahereh Mafi
92,J.K. Rowling
93,Rick Riordan
95,Jim Gigliotti and others; various illustrators
96,Tui T. Sutherland
97,Jenny Han
98,Rachael Lippincott with Mikki Daughtry and Tobias Iaconis
99,Angie Thomas
100,Emily A Duncan
101,Christopher Paolini with Angela Paolini
102,"Val Emmich with Steven Levenson, Benj Pasek & Justin Paul"
103,Laurie Halse Anderson
104,Tomi Adeyemi
105,Karen M McManus
106,Karen M. McManus
107,James SA Corey
108,Craig Alanson
109,George RR Martin
110,Neil Gaiman and Terry Pratchett
111,Karin Slaughter
112,Jocko Willink and Leif Babin
113,Charles Duhigg
114,Andrew G McCabe
115,Ruth Bader Ginsburg with Mary Hartnett and Wendy W. Williams
116,David Wallace-Wells
117,James Clear
118,Mike Bayer
119,Phil Knight
120,Frans de Waal
121,Neil deGrasse Tyson
122,Paul Kalanithi
123,Matthew Walker
124,Keith O'Brien
125,Mark Synnott
126,Bob Klapisch and Paul Solotaroff
127,James Patterson and Alex Abramovich with Mike Harvkey
128,Meb Keflezighi with Scott Douglas
129,Art Shamsky and Erik Sherman
130,Tim Tebow with AJ Gregory
131,Laird Hamilton with Julian Borra
132,Kobe Bryant
133,Don Winslow
134,Joanne Fluke
135,Lisa Jackson
136,Susan Mallery
137,Penelope Ward
138,Lisa Gardner
139,Faith Hunter
140,Greer Hendricks and Sarah Pekkanen
141,Mary Pipher
142,Gary Sinise with Marcus Brotherton
143,Adam Makos
144,David Sheff
145,Brad Meltzer and Josh Mensch
146,Susan Orlean
147,Liane Moriarty
148,George R.R. Martin
149,Samantha Shannon
150,Marlon James
151,Madeline Miller
94,Dav Pilkey
152,Kristin Hannah
153,JD Robb
154,Toni Morrison
155,Isaac Mizrahi
156,Doris Kearns Goodwin
157,Bernard-Henri Lévy
158,Andrew Sean Greer
159,Tayari Jones
160,James Patterson and Nancy Allen
161,Daniel Silva
162,Naomi Alderman
163,Rupi Kaur
164,Ariel Lawhon
165,Min Jin Lee
166,Kate Moore
167,Esmé Weijun Wang
168,Lucy Knisley
169,Lysa TerKeurst
170,Samin Nosrat.
171,Benjamin Dreyer
172,Sharon M. Draper
173,Vashti Harrison
174,Rachel Ignotofsky
175,Kwame Alexander
176,Sayantani DasGupta
177,Adam Wallace.
178,Raj Haldar and Chris Carpenter
179,Peter H Reynolds
180,Drew Daywalt.
181,B.J. Novak
182,David Baldacci
183,Rachel Renée Russell
184,Stuart Gibbs
185,Natasha Ngan
186,Holly Black
187,Leigh Bardugo
188,Neil Gaiman
189,Mike Omer
190,Mark Greaney
191,Claire North
192,Jeremy Robinson
193,Deborah Harkness
194,Jonathan Kellerman
195,Sophie Kinsella
196,Charles Graeber
197,Connel Fullenkamp
198,Michael Pollan
199,Stephanie Land
200,Howard Schultz with Joanne Gordon
201,Roger McNamee
202,Judith Grisel
203,Tom Brady
204,Christie Aschwanden
205,Jane Leavy
206,Dale Earnhardt Jr with Ryan McGee
207,Laura Hillenbrand
208,Daniel James Brown
209,James Patterson and Maxine Paetro
210,Emily Henry
211,Carley Fortune
212,Abraham Verghese
213,Rebecca Yarros
214,Danielle Steel
215,Colleen Hoover
216,Bonnie Garmus
217,Laura Dave
218,Mo Xiang Tong Xiu
219,Ann Napolitano
220,Luke Russert
221,Peter Attia with Bill Gifford
222,Prince Harry
223,Jennette McCurdy
224,Michelle Zauner
225,Deborah Roberts
226,Jonathan Freedland
227,Minka Kelly
228,Isabel Wilkerson
229,Katy Hessel
230,Matthew McConaughey
231,Patti Callahan Henry
232,Gabrielle Zevin
233,Jeannette Walls
234,Justin Cronin
235,Sunny Hostin
236,Shel Van Pelt
237,Matthew Desmond
238,Jack Curry
239,Kat Timpf
240,Laura Dern and Diane Ladd
241,Michio Kaku
242,Colleen Hoover and Tarryn Fisher
243,Freida McFadden
244,Hannah Grace
245,Sarah Adams
246,Lucy Score
247,Robin Wall Kimmerer
248,bell hooks
249,Viola Davis
250,S.C. Gwynne
251,David Graeber and David Wengrow
252,Malcolm Gladwell
253,John Green
254,Joanna Gaines
255,Jessie Inchauspé
256,Rick Rubin with Neil Strauss
257,Charlie Mackesy
258,Ramit Sethi
259,Miranda Lambert with Holly Gleason
260,Kayleigh McEnany
261,William H. McRaven
262,Rainn Wilson
263,Rick Riordan and Mark Oshiro
264,A.F. Steadman
265,Zaila Avant-garde with Marti Dumas
266,America's Test Kitchen Kids
267,Soman Chainani.
268,Katherine Applegate.
269,Claribel A. Ortega
270,Brian Selznick
271,Kobi Yamada.
272,Eric Carle
273,Luvvie Ajayi Jones.
274,Gregory E. Lang.
275,Jazmyn Simon and Dulé Hill.
276,Katherine Applegate
277,Suzanne Collins
278,Holly Jackson
279,Jennifer Lynn Barnes
280,Alice Oseman
281,Angeline Boulley
282,Becky Albertalli
283,Jason Reynolds.
284,Adam Silvera
285,J. Elle
286,Alexandra Bracken
287,Alex Aster
288,Barbara Kingsolver
289,John Sandford
290,Jodi Picoult and Jennifer Finney Boylan
291,Beth Moore
292,Paris Hilton
293,Bruce D. Perry and Oprah Winfrey
294,Matthew Perry
295,Tui T. Sutherland.
296,Jerry Craft
297,Eiichiro Oda
298,Naoya Matsumoto
299,Ann M. Martin.
300,"Kevin Eastman, Peter Laird and Tom Waltz"
301,Tatsuya Endo
302,Stuart Gibbs.
303,James Patterson and James O. Born
304,Sandra Brown
305,Nora Roberts
306,James Patterson and J.D. Barker
307,William W. Johnstone and J.A. Johnstone
308,Don Bentley
309,Megan Miranda
310,Debbie Macomber
311,Peter Brown
312,Barbara O'Connor
313,Linda Sue Park
314,Gordon Korman
315,Lynda Mullaly Hunt
316,Rosanne Parry.
317,Tae Keller
318,Laura Nowlin
319,Kathleen Glasgow
320,Lynn Painter
321,Amber Smith
322,Natasha Preston
323,Markus Zusak
324,Stephanie Garber
325,Lisa Scottoline
326,Benjamin Hall
327,Ron DeSantis
328,Jeff Sharlet
329,Jenny Jackson
330,Jojo Moyes
331,C.J. Box
332,Clint Smith
333,Rebecca Makkai
334,Sarah Bakewell
335,Bernie Sanders with John Nichols
336,Abraham Riesman
337,Gabor Maté with Daniel Maté
338,Rebecca Serle
339,Anna Lembke
340,Dolly Alderton
341,Chuck Klosterman
342,Shannon Bream
343,Alison Roman
344,William W. Li
345,"Miroslav Volf, Matthew Croasmun and Ryan McAnnally-Linz"
346,Mark Hyman
347,Nagi Maehashi
348,Amina Luqman-Dawson
349,Jennifer A. Nielsen
350,Beth Lincoln.
351,Janae Marks
352,Kelly Yang
353,Adam Wallace and Andy Elkerton
354,Ryan T. Higgins
355,Daymond John.
356,Scott Reintgen
357,Marie Lu
358,Trang Thanh Tran
359,Kiera Cass
360,Krystal Marquis
361,Stephen King
362,Peter Zeihan
363,Mehdi Hasan
364,Lewis Howes
365,Gege Akutami
366,Kohei Horikoshi
367,Tatsuki Fujimoto
368,John Patrick Green and Christopher Hastings.
369,Koyoharu Gotouge
370,James Patterson and David Ellis
371,Janet Evanovich
372,Xiran Jay Zhao
373,Lucy Foley
374,Katherine May
375,Sister Jean Dolores Schmidt with Seth Davis
376,James Patterson and Matt Eversmann with Chris Mooney
377,"edited  Nikole Hannah-Jones, Caitlin Roper, Ilena Silverman and Jake Silverstein"
378,Shannon Chakraborty
379,Matt Haig
380,Ana Reyes
381,Rupert Holmes
382,Mike Pompeo
383,Pamela Anderson
384,Jermaine Fowler
385,Nita Prose
386,Johann Hari
387,Frank Murphy
388,Susan Cain
389,Imani Perry
390,the Select Committee to Investigate the Jan. 6 Attack on the United States Capitol
391,Ibram X. Kendi
392,Nedra Glover Tawwab
393,Jay Shetty
394,David Goggins
395,Amy Porterfield
396,Adam Rubin
397,James Dean
398,Doug Salati
399,Dana Schwartz
400,J.D. Robb
401,Gregg Hurwitz
402,Mary Kubica
403,Heather Gay
404,Stephen A. Smith
405,James B. Stewart and Rachel Abrams
406,Greta Thunberg
407,Siddharth Kara
408,Clint McElroy et al.
409,Shinichi Fukuda
410,Christine Feehan
411,Lynsay Sands
412,B.B. Alston
413,Sara Pennypacker.
414,E. Lockhart
415,Talia Hibbert
416,Jane Harper
417,Jon Meacham
418,Ilyon Woo
419,Jessica George
420,James Patterson and Mike Lupica
421,Grady Hendrix
422,Geraldine Brooks
423,Elle Cosimano
424,Bono
425,Fredrik Backman
426,Suleika Jaouad
427,Ann Patchett
428,Jinger Duggar Vuolo with Corey Williams
429,Robert Waldinger and Marc Schulz
430,Ina Garten
431,Vashti Harrison with Kwesi Johnson
432,Donna Barba Higuera
433,Alice Schertle.
434,Alice Walstead.
435,Suzanne Lang.
436,Drew Daywalt and Oliver Jeffers
437,Jo Witek.
438,Linsey Davis and Michael Tyler.
439,Rio Cortez.
440,Cassandra Clare
441,Sarah J. Maas
442,Ibram X. Kendi and Nic Stone
443,Douglas Preston and Lincoln Child
444,Tori Dunlap
445,Arthur C. Brooks
446,Lee Child
447,Fern Michaels
448,James Patterson and Howard Roughan
449,Paula Hawkins
450,Mary Balogh
451,Michael Connelly
452,Nicholas Sparks
453,R.F. Kuang
454,the House January 6th Committee
455,Siddhartha Mukherjee
456,Stacy Schiff
457,Ed Yong
458,Bob Dylan
459,Louise Penny
460,James Patterson
461,Maggie O'Farrell
462,Marc Cameron
463,Quentin Tarantino
464,Randall Munroe
465,Ali Hazelwood
466,the Select Committee to Investigate the Attack on the U.S. Capitol
467,Mel Brooks
468,Yung Pueblo
469,Harris Faulkner
470,Tieghan Gerard
471,Yuval Noah Harari.
472,J.K. Rowling.
473,Erin Hunter
474,Jasmine Warga
475,Jory John and Pete Oswald
476,Mo Willems
477,Christopher Denise
478,Ainsley Earhardt.
479,Alice Schertle and Jill McElmurry
480,Kerri Maniscalco
481,Liz Braswell
482,Tracy Wolff
483,Tracy Deonn
484,Shea Ernshaw
485,Chloe Gong
486,Susan Dennard
487,Chris Miller
488,Anderson Cooper and Katherine Howe
489,Melissa Urban
490,Aaron Blabey
491,Steve Martin.
492,Lisa Wingate
493,Jack Carr
494,James Rollins
495,Lisa McMann
496,David Bell
497,Aya Yajima.
498,Mike Pence
499,Rob Delaney
500,Jerry Seinfeld
501,Lee Child and Andrew Child
502,Celeste Ng
503,Buzz Bissinger
504,Rush Limbaugh with Kathryn Adams Limbaugh and David Limbaugh
505,Brian Kilmeade
506,John “Chick” Donohue and J.T. Molloy
507,Erik Larson
508,David Sedaris
509,Steve Doocy and Kathy Doocy
510,Deb Perelman
511,Claire Saffitz
512,Joanna Farrow
513,Eric Geron
514,Sherri Duskey Rinker.
515,Erin Guendelsberger.
516,Kimberly and James Dean
517,Mary Pope Osborne.
518,Max Brallier.
519,Shannon Messenger
520,Marissa Meyer
521,Brandon Sanderson
522,Bob Woodward
523,William D. Cohan
524,Jann S. Wenner
525,Hayao Miyazaki
526,James Patterson and Richard DiLallo
527,Diana Palmer
528,Mary Kay Andrews
529,Jennifer Niven
530,Robert Crais
531,Ted Cruz
532,Paul Newman
533,Maggie Haberman
534,Tembi Locke
535,Bill O'Reilly and Martin Dugard
536,Katy Hays
537,Cormac McCarthy
538,Patricia Cornwell
539,Benjamin Netanyahu
540,Tom Felton
541,Gabrielle Blair
542,Regina Jackson and Saira Rao
543,Leslie Jordan
544,"Bill, Judy, Sarah and Kaitlin Leung"
545,"George R.R. Martin, Elio M. García Jr. and Linda Antonsson"
546,Christina Tosi with Shannon Salzano
547,Alice Hemming.
548,Aaron Reynolds.
549,Soman Chainani
550,Rebecca Mix
551,Ashley Flowers with Alex Kiester
552,Nelson DeMille
553,Kelly Ripa
554,Scott Galloway
555,Nikki R. Haley
556,Walt Bogdanich and Michael Forsythe
557,Rachel Smythe
558,John Patrick Green
559,"Scott Cawthon, Elley Cooper and Carly Anne West."
560,Janet Evanovich and Steve Hamilton
561,Brad Meltzer
562,Dirk Cussler
563,James Patterson and Candice Fox
564,Chuck Wendig
565,Erika L. Sánchez
566,Mary E. Pearson
567,Jason Reynolds
568,Naomi Novik
569,Scott Turow
570,Kyle Mills
571,Peter Baker and Susan Glasser
572,Denver Riggleman with Hunter Walker
573,Nina Totenberg
574,David Corn
575,Javier Zamora
576,Andy Borowitz
577,Alaina Urquhart
578,Kate Atkinson
579,Elizabeth Strout
580,Anthony Doerr
581,Tova Friedman and Malcolm Brabant
582,Mary Roach
583,Flea
584,Ryan Holiday
585,Molly Yeh
586,Jacques Pépin
587,Ga Dalkin
588,Becky Kennedy
589,Jonathan Cahn
590,John Gottman and Julie Schwartz Gottman
591,Dan Gemeinhart
592,Richard Paul Evans
593,A.W. Jantha.
594,James Patterson and Emily Raymond
595,Adalyn Grace
596,Robert Galbraith
597,Gillian McAllister
598,Geoffrey Berman
599,J. Bradford DeLong
600,Eric Thomas
601,David M. Rubenstein
602,Míriam Bonastre Tur
603,Chugong.
604,J.A. Jance
605,James Patterson and Shan Serafin
606,Brad Taylor
607,Sherman Alexie.
608,Ginny Myers Sain
609,Sarah Addison Allen
610,Jared Kushner
611,James Patterson and Chris Mooney
612,David Maraniss
613,Rinker Buck
614,Adam Grant
615,Alice Feeney
616,Elin Hilderbrand
617,William MacAskill
618,Scott Mann
619,Peggy Rowe
620,Ellen Marie Wiseman
621,"Ali Maffucci, Megan McNamee and Judy Delaware"
622,Kathie Lee Gifford and Rabbi Jason Sobel
623,Matt Fraser
624,Rick Riordan. et al
625,"Jason Reynolds, Ibram X. Kendi and Sonja Cherry-Paul"
626,Alexandra Penfold and Suzanne Kaufman
627,Elizabeth Lim
628,Amanda Foody and Christine Lynn Herman
629,Neil Gaiman and Dirk Maggs
630,Patricia Briggs
631,Ruth Ware
632,Tim Kennedy and Nick Palmisciano
633,Tom Segura
634,James Nestor
635,Dave Grohl
636,Ray Dalio
637,Neil Gaiman.
638,Akira Toriyama.
639,AidaIro
640,Catherine Coulter
641,Jonathan Lemire
642,Pete Hegseth with David Goodwin
643,Glennon Doyle
644,Jamie Ford
645,Anthony Marra
646,Henry Kissinger
647,Candice Millard
648,W. Kamau Bell and Kate Schatz
649,Dhonielle Clayton
650,Jacqueline Woodson.
651,Derrick Barnes.
652,Lauren Tarshis
653,Gina Chen
654,Rachel Griffin
655,Dustin Thao
656,Victoria Aveyard
657,Casey McQuiston
658,V.E. Schwab
659,Will Wight
660,Brad Thor
661,Andy Weir
662,Mark Leibovich
663,Malcolm Nance
664,Tim Miller
665,Jenna Kutcher
666,Kat Martin
667,Tricia Levenseller
668,Malinda Lo
669,Kristi Noem
670,Riley Sager
671,Nikki Erlick
672,Adam Christopher
673,Emily Giffin
674,Dolly Parton and James Patterson
675,Ottessa Moshfegh
676,Anthony Bourdain
677,Jon Krakauer
678,Stephen Perrine with Heidi Skolnik
679,Kate DiCamillo.
680,Elizabeth Olsen and Robbie Arnett.
681,Jessie Sima
682,Jonathan Graziano.
683,Kristen Bell and Benjamin Hart.
684,various authors
685,Douglas Murray
686,Vaclav Smil
687,David Gelles
688,Fujita
689,Scott Cawthon and Kira Breed-Wrisley.
690,Heather Graham
691,James Patterson and Brian Sitts
692,Jennifer L. Holm
693,Benjamin Alire Sáenz
694,Vincent Ralph
695,Jenna Evans Welch
696,Kellyanne Conway
697,Tina Brown
698,Alan Shipnuck
699,James Kirchick
700,Jenna Fischer and Angela Kinsey
701,Jennifer Weiner
702,Emma Straub
703,Ben Carson with Candy Carson
704,Bill Browder
705,Walter Isaacson
706,Sonia Purnell
707,Lily Ebert and Dov Forman
708,Christine Schiefer and Em Schulz
709,Will Bulsiewicz
710,Amy Krouse Rosenthal.
711,Erin Napier.
712,Peter H. Reynolds
713,Katharine McGee
714,Emiko Jean
715,Namina Forna
716,Jason June
717,Rachael Lippincott and Alyson Derrick
718,Jonathan Martin and Alexander Burns
719,Molly Shannon with Sean Wilsey
720,Jennifer Grey
721,Amy Odell
722,Marshall Goldsmith and Mark Reiter
723,Tony Fadell
724,Terri Libenson
725,Tsugumi Ohba.
726,Linda Lael Miller
727,Clive Cussler and Jack Du Brul
728,Martha Hall Kelly
729,Graci Kim
730,Caroline O'Donoghue
731,Adriana Trigiani
732,Emily St. John Mandel
733,Paul Holes
734,Jessi Klein
735,Tyrus
736,Gary Janetti
737,Randy Rainbow
738,Karen Kingsbury
739,Vaishnavi Patel
740,Miranda Cowley Heller
741,Timothy Snyder
742,Natalie Haynes
743,Olivia Campbell
744,Alton Brown
745,"Meg Bowles, Catherine Burns, Jenifer Hixson, Sarah Austin Jenness and Kate Tellers"
746,Stassi Schroeder
747,Daphne Oz
748,Dana Suskind with Lydia Denworth
749,Jimmy Fallon.
750,Jenna Bush Hager and Barbara Pierce Bush.
751,Kelly Rowland and Jessica McKay.
752,Scott Cawthon
753,Neil deGrasse Tyson et al
754,Judy I. Lin
755,Julia Quinn
756,Will Smith with Mark Manson
757,Laura Clery
758,David Mamet
759,"Carolyn Dewar, Scott Keller and Vikram Malhotra"
760,FGTeeV.
761,James Patterson and Chris Tebbetts
762,Jodi Lynn Anderson
763,Kayla Cottingham
764,Hannah Gads
765,Alex Kershaw
766,William P. Barr
767,Marie Yovanovitch
768,Anne Tyler
769,Ellery Lloyd
770,Judd Apatow
771,Peter Schweizer
772,Glenn Beck with Justin Haskins
773,Janet Skeslien Charles
774,Elena Armas
775,Bob Drury and Tom Clavin
776,Julian Sancton
777,Serhii Plokhy
778,Alfred Lansing
779,Eric Kim
780,Tony Robbins and Peter H. Diamandis with Robert Hariri
781,Kelly Barnhill
782,Ibram X. Kendi.
783,Seth Meyers.
784,Shannon Hale.
785,F.T. Lukens
786,Ruta Sepetys
787,John Scalzi
788,Bob Odenkirk
789,Elie Mystal
790,Sara G. Forden
791,Art Spiegelman
792,Scott Cawthon and Kira Breed-Wrisley. Adapted and
793,Ryoji Hirano
794,Clive Cussler and Graham Brown
795,Lisa Jackson et al
796,Ron Carr
797,Amanda Foody
798,Krystal Sutherland
799,Tessa Bailey
800,Olivie Blake
801,Frank Bruni
802,Ric Prado
803,Meghan O'Rourke
804,Harvey Fierstein
805,Rosie Walsh
806,Nina de Gramont
807,Mitch Albom
808,Charmaine Wilkerson
809,"Jeff Yang, Phil Yu and Philip Wang"
810,Michael Schur
811,Sarah Penner
812,Brit Bennett
813,Rachel DeLoache Williams
814,Lucy Adlington
815,Tiya Miles
816,Kate Bowler and Jessica Richie
817,Bob Goff
818,Jennie Allen
819,Ciara and Russell Wilson.
820,Amanda Gorman.
821,Laurie Forest
822,Rebecca Elliott
823,Sabaa Tahir
824,Daniel H. Pink
825,Dave Ramsey
826,Robert Greene
827,RaeAnne Thayne
828,Dale Brown
829,Renée Watson.
830,Nic Stone
831,Dan Charnas
832,Valerie Bertinelli
833,Rosemary Sullivan
834,Jodi Picoult
835,Olga Tokarczuk
836,John Darnielle
837,Stanley Tucci
838,Jamie Raskin
839,Robert F. Kennedy Jr
840,Sarah Pearse
841,Christina Lauren
842,Joan Didion
843,Sanjay Gupta with Kristin Loberg
844,Alex Snodgrass
845,Jessica Seinfeld with Sara Quessenberry
846,edited  Kwame Mbalia
847,Stacey Abrams.
848,Eva Chen.
849,Nikole Hannah-Jones and Renée Watson.
850,Sonia Sotomayor.
851,Shannon Hale and Dean Hale.
852,James Ponti
853,Stephenie Meyer
854,Jason Reynolds and Ibram X. Kendi
855,George M. Johnson
856,Robert Jordan
857,Andrzej Sapkowski
858,Claudia Gray
859,Stacy Willingham
860,Betty White
861,Christopher Leonard
862,Adrian McKinty
863,Diana Gabaldon
864,Paul McCartney
865,Amanda Gorman
866,TJ Klune
867,Sally Rooney
868,Barack Obama and Bruce Springsteen
869,Daniel Levy and Eugene Levy
870,Anna Malaika Tubbs
871,Ree Drummond
872,Gina Homolka with Heather K. Jones
873,Andrea Beaty.
874,William H. McRaven.
875,Shel Mahurin
876,Becky Albertalli and Adam Silvera
877,Benjamin Alire Saenz
878,Natasha Bowen
879,James S.A. Corey
880,Frank Herbert
881,Oliver Burkeman
882,Peter Robison
883,William W. Johnstone and J. A. Johnstone
884,Steve Berry
885,Melissa de la Cruz
886,Natalie D. Richards
887,Rachel Campos-Duffy and Sean Duffy
888,the Beatles
889,Brian Baumgartner and Ben Silverman
890,Jonathan Karl
891,Hillary Rodham Clinton and Louise Penny
892,Mark R. Levin
893,Hervé Le Tellier
894,T.J. Klune
895,James Patterson with Casey Sherman and Dave Wedge
896,David Michaelis
897,Merlin Sheldrake
898,Roxanne Dunbar-Ortiz
899,Roxane van Iperen
900,Joshua Weissman
901,Joanna Gaines with Marah Stets
902,Dude Perfect with Travis Thrasher
903,Food Network Magazine
904,Matt Tavares
905,Ayana Gray
906,Ken Follett
907,Timothy Zahn
908,Katie Couric
909,Huma Abedin
910,John McWhorter
911,Rick Ross with Neil Martinez-Belkin
912,Hajime Isayama
913,Raina Telgemeier
914,Laura Pohl
915,Gary Shteyngart
916,Karen White
917,Philipp Dettmer
918,Michael Imperioli and Steve Schirripa with Philip Lerman
919,Rachel Held Evans with Jeff Chu
920,Bret Baier with Catherine Whitney
921,Bob Woodward and Robert Costa
922,Naomi Krupitsky
923,Ron Howard and Clint Howard
924,Norm Macdonald
925,Eric Jager
926,Andy Cohen
927,Noor Murad and Yotam Ottolenghi
928,Mel Robbins
929,Drew Barrymore with Pilar Valdes
930,Chrissy Teigen with Adeena Sussman
931,Tabitha Brown
932,Misty Copeland.
933,Oliver Jeffers
934,Ellen Kalish and Gideon Sterer.
935,Tracey West
936,John Flanagan
937,Adam Schiff
938,Stephanie Grisham
939,Fiona Hill
940,Timothy Snyder.
941,Mary Higgins Clark and Alafair Burke
942,James Patterson and Andrew Bourelle
943,Sharon Cameron
944,Ellie Marney
945,Richard Osman
946,Colson Whitehead
947,Kate Bowler
948,Stevie Van Zandt
949,Laurie Woolever
950,Joe Posnanski
951,Steven Pinker
952,Heather Heying and Bret Weinstein
953,Cassandra Peterson
954,Indra Nooyi
955,Resmaa Menakem
956,Richard Grant
957,Paul Hawken
958,Trisha Yearwood with Beth Yearwood Bernard
959,Sara Gottfried
960,Michael Todd
961,John Mark Comer
962,LeBron James and Andrea Williams
963,Flavia Z. Drago
964,Chris Colfer
965,C.S. Pacat
966,Joe Abercrombie
967,Gabrielle Union with Kevin Carr O’Leary
968,Craig Whitlock
969,Barack Obama
970,Desmond Shum
971,Vivek Ramaswamy
972,Miriam Bonastre Tur
973,Clive Cussler and Boyd Morrison
974,Catherine Anderson
975,Lev Grossman
976,Helen Hoang
977,Tucker Carlson
978,Mary L. Trump
979,Andrea Bartz
980,Bill Clinton and James Patterson
981,Honorée Fanonne Jeffers
982,William Kent Krueger
983,Billie Jean King with Johnette Howard and Maryanne Vollers
984,Michael Lewis
985,Rebecca Skloot
986,Ben Macintyre
987,Jenny Rosenstrach
988,Padma Lakshmi.
989,Sasha Peyton Smith
990,Michael J. Sullivan
991,Rickson Gracie with Peter Maguire
992,Carol Leonnig and Philip Rucker
993,Steven Rinella
994,Emily Oster
995,Junji Ito
996,Lisa Kleypas
997,Malala Yousafzai with Patricia McCormick
998,Thanhha Lai
999,Shari Lapena
1000,J.R. Ward
1001,Jesse Watters
1002,Michael Wolff
1003,Michael C. Bender
1004,Marie Benedict and Victoria Christopher Murray
1005,Michele Harper
1006,Richard Rothstein
1007,Kristin Kobes Du Mez
1008,Nadiya Hussain
1009,Nicole LePera
1010,edited  Food Network Magazine
1011,Justina Ireland
1012,Erin A. Craig
1013,Dhonielle Clayton. et al
1014,Faridah Abike-Iyimide
1015,T.J. Newman
1016,"Daniel Kahneman, Olivier Sibony and Cass R. Sunstein"
1017,Sheera Frenkel and Cecilia Kang
1018,Tim S. Grover with Shari Lesser Wenk
1019,Clint McElroy et al
1020,James Patterson and Marshall Karp
1021,Jonathan Kellerman and Jesse Kellerman
1022,James Patterson and Tucker Axum III
1023,Yasmeen Abutaleb and Damian Paletta
1024,Roger Bennett
1025,Adam Serwer
1026,Cavan Scott
1027,Zakiya Dalila Harris
1028,E.L. James
1029,Anthony Bourdain and Laurie Woolever
1030,Willie Nelson with Turk Pipkin
1031,Daniel Jose Older
1032,Matt and Rebecca Zamolo
1033,Anna Dewdney and Reed Duncan.
1034,Rachel Held Evans and Matthew Paul Turner.
1035,Kate Messner.
1036,Heather Avis.
1037,Robb Pearlman.
1038,Carole Lindstrom.
1039,Seth Rogen
1040,Ben Rhodes
1041,Lisa Jackson and Nancy Bush
1042,Jason Reynolds and Brendan Kiely
1043,Nicola Yoon
1044,Stuart Woods and Bryon Quertermous
1045,Ashley C. Ford
1046,Carol Leonnig
1047,Sinead O’Connor
1048,Tia Williams
1049,Kristin Harmel
1050,Hannah Whitten
1051,Kelly Rimmer
1052,Tim Madigan
1053,Chris Wallace with Mitch Weiss
1054,Mikki Kendall
1055,Kevin Hart with Geoff Rodkey.
1056,Nathan W. Pyle
1057,Cleo Wade.
1058,Matthew A. Cherry.
1059,Jennifer L. Armentrout
1060,Christine Riccio
1061,Jessica Bruder
1062,Josh Hawley
1063,Dana Perino
1064,Jon Levy
1065,Brad Stone
1066,Victoria Jamieson and Omar Mohamed.
1067,Alison Bechdel
1068,Mary Higgins Clark
1069,Clive Cussler and Robin Burcell
1070,Elizabeth Acevedo
1071,Martha Wells
1072,Jhumpa Lahiri
1073,edited  Tarana Burke and Brené Brown
1074,George W. Bush
1075,Amy Klobuchar
1076,Kazuo Ishiguro
1077,Elin Hilderbrand et al
1078,John Boehner
1079,Kiley Reid
1080,Cathy Park Hong
1081,Bill Bryson
1082,Molly Baz
1083,Sadhguru
1084,Eric Ripert
1085,Greg McKeown
1086,T.D. Jakes
1087,James Patterson and Kwame Alexander
1088,Joanna Gaines.
1089,Joanna Ho.
1090,Ibi Zoboi and Yusef Salaam
1091,Brandi Carlile
1092,Jenny Lawson
1093,Hunter Biden
1094,Tiffany Aliche
1095,Bill Gates
1096,Mike Maden
1097,William W. Johnstone
1098,Jewell Parker Rhodes
1099,Stacey Lee
1100,John Boyne
1101,Eloisa James
1102,Sharon Stone
1103,Heather McGhee
1104,Ronald Brownstein
1105,Michael Moss
1106,Don Lemon
1107,Tammy Duckworth
1108,Sister Souljah
1109,Gabriela Garcia
1110,Chris Whitaker
1111,Scott Weidensaul
1112,Cicely Tyson with Michelle Burford
1113,Rob Kenner
1114,Robert Kolker
1115,Giada De Laurentiis
1116,Jordan B. Peterson
1117,Mindy Thomas and Guy Raz.
1118,Max Brooks et al
1119,Ernest Cline
1120,Jamie Kern Lima
1121,Cal Newport
1122,James Patterson and Andrew Holmes
1123,Michaeleen Doucleff
1124,edited  Ibram X. Kendi and Keisha N. Blain
1125,Patricia Engel
1126,Naima Coster
1127,Viet Thanh Nguyen
1128,Aimee Nezhukumatathil
1129,Emmanuel Acho
1130,Edith Eva Eger
1131,Luvvie Ajayi Jones
1132,Anne Lamott
1133,Jeff Kinney
1134,Lupita Nyong'o.
1135,Cori Doerrfeld
1136,Andy Ngo
1137,Kim Scott
1138,Catana Chetwynd
1139,Judd Winick
1140,Kaiu Shirai.
1141,Susan Wiggs
1142,Arlisha Norwood.
1143,Tiffany Jewell.
1144,Lauren Fox
1145,Martha Teichner
1146,Mark Harris
1147,Abigail Dean
1148,George Saunders
1149,Jedidiah Jenkins
1150,Peter Swanson
1151,Paulette Jiles
1152,Stephen Graham Jones
1153,Jenny Lecoat
1154,Ijeoma Oluo
1155,Michelle Alexander
1156,Kamala Harris
1157,James Martin
1158,Annie F. Downs
1159,Meena Harris.
1160,Tim Tebow with A.J. Gregory.
1161,Grace ers.
1162,Matt de la Peña.
1163,Ann M. Martin; various illustrators
1164,Scott Cawthon and Kira Breed-Wrisley
1165,Charles Soule
1166,Ashley Audrain
1167,Stephen Fry
1168,Amber Ruffin and Lacey Lamar
1169,Kurt Andersen
1170,Rachel Cruze
1171,Ann M Martin
1172,"George Takei, Justin Eisinger and Steven Scott"
1173,James Patterson with Candice Fox
1174,William W Johnstone and JA Johnstone
1175,Jeanine Cummins
1176,Marie Benedict
1177,Alex Trebek
1178,Rachel Maddow and Michael Yarvitz
1179,Brandon Stanton
1180,Walter Tevis
1181,Tarryn Fisher
1182,Sophie Cousens
1183,Douglas Stuart
1184,J.D. Vance
1185,Jenny Odell
1186,Robb Pearlman
1187,Sy Montgomery
1188,Jory John
1189,Amy Krouse Rosenthal and Paris Rosenthal.
1190,Sarah J Maas
1191,Charli D’Amelio
1192,FC Yee with Michael Dante DiMartino
1193,Mikki Daughtry and Rachael Lippincott
1194,Fareed Zakaria
1195,Edmund Morris
1196,David Epstein
1197,Steve Martin and Harry Bliss
1198,Nathan W Pyle
1199,Ben Clanton
1200,James Patterson and James O Born
1201,Nelson DeMille and Alex DeMille
1202,Erin Entrada Kelly
1203,Natalie D Richards
1204,Pete Hegseth
1205,Dolly Parton with Robert K Oermann
1206,Michael J Fox
1207,Joe Scarborough
1208,Pope Francis and Austin Ivereigh
1209,Tana French
1210,KJ Dell'Antonia
1211,Dan Rather and Elliot Kirschner
1212,Steve and Kathy Doocy
1213,Kathie Lee Gifford
1214,Josh Clark and Chuck Bryant with Nils Parker
1215,Apryl Stott
1216,Frederick Joseph
1217,Sam Heughan and Graham McTavish
1218,Candace Owens
1219,Shea McGee and Syd McGee
1220,Nathan Hale
1221,Yuval Noah Harari and David Vandermeulen
1222,Geoff Johns
1223,Lori Wilde
1224,Kim Liggett
1225,Fannie Flagg
1226,Christie Tate
1227,Pete Souza
1228,Andrew Cuomo
1229,Rumaan Alam
1230,Tom Fitton
1231,Margaret Atwood
1232,Matt Ruff
1233,Emily Nagoski and Amelia Nagoski
1234,Clea Shearer and Joanna Teplin
1235,"Kyle Newman, Jon Peterson and Michael Witwer, with recipes by Adam Ried"
1236,Hoda Kotb with Jane Lorenzini
1237,Bill Nye and Gregory Mone
1238,Derrick Barnes
1239,Aaron Reynolds
1240,LeBron James
1241,Raymond Arroyo
1242,Natalie Portman
1243,Jan Brett
1244,Jessica Townsend
1245,AW Jantha
1246,Cassandra Clare and Wesley Chu
1247,Aiden Thomas
1248,Dennis E Taylor
1249,Jim Butcher
1250,Mariah Carey with Michaela Angela Davis
1251,Brian C Muraresku
1252,Michael Cohen
1253,Trey Gowdy
1254,Guy Raz
1255,Meredith Rusu
1256,John Lewis and Andrew Aydin
1257,Gene Luen Yang
1258,Peter Wartman
1259,Robyn Carr
1260,Christina Tosi
1261,Lana Del Rey
1262,John Lithgow
1263,Andrew Weissmann
1264,Mary L Trump
1265,Marilynne Robinson
1266,Sean Hannity
1267,Rod Dreher
1268,Lili Reinhart
1269,Yaa Gyasi
1270,Ibram X Kendi
1271,Kristin Cavallari
1272,Allie Brosh
1273,Jessie James Decker
1274,Matty Matheson
1275,Ryan Holiday and Stephen Hanselman
1276,Duff Goldman
1277,RL Stine
1278,Misty Copeland
1279,Dan Brown
1280,Emme Muñiz
1281,Sherri Duskey Rinker
1282,Suzanne Lang
1283,Jessica Jung
1284,Born This Way Foundation Reporters with Lady Gaga
1285,as told to Alex Haley
1286,Stephanie Winston Wolkoff
1287,Peter Strzok
1288,Jeff Benedict
1289,David M Rubenstein
1290,Reed Hastings and Erin Meyer
1291,Kami Garcia
1292,Sarah Andersen
1293,Marjane Satrapi
1294,Sherryl Woods
1295,Courtney Summers
1296,Elena Ferrante
1297,Carl Hiaasen
1298,Michael S Schmidt
1299,Ian W Toll
1300,Brian Stelter
1301,Chasten Buttigieg
1302,Nancy Jooyoun Kim
1303,Silvia Moreno-Garcia
1304,David Horowitz
1305,Ta-Nehisi Coates
1306,Alyssa Cole
1307,Attica Locke
1308,Ron Chernow
1309,Beverly Daniel Tatum
1310,Dan Buettner
1311,J Kenji López-Alt
1312,Janelle Brown
1313,James Lee Burke
1314,Omid Scobie and Carolyn Durand
1315,Stuart Stevens
1316,Kendra Adachi
1317,Maria Konnikova
1318,Gerard Way
1319,Matt Mercer and Jody Houser
1320,James Patterson and Robison Wells
1321,Eddie S Glaude Jr
1322,John Bolton
1323,Zadie Smith
1324,Kevin Kwan
1325,Natasha Trethewey
1326,Ann Cleeves
1327,John Lewis and Michael D'Orso
1328,John Lewis
1329,Greg Gutfeld
1330,Darin Olien
1331,Lois Lowry
1332,FC Yee
1333,Jim Carrey and Dana Vachon
1334,Russell Brunson
1335,Robert Iger
1336,"Bryan Konietzko, Michael Dante DiMartino and Gene Luen Yang"
1337,Kayla Miller
1338,FGTeeV
1339,"James Patterson and Chris Grabenstein, adapted  Adam Rau and Betty C Tang"
1340,Raeanne Thayne
1341,J Courtney Sullivan
1342,Sarah MacLean
1343,Layla F Saad
1344,Austin Channing Brown
1345,Dinesh D'Souza
1346,Carol Anderson
1347,John M. Barry
1348,Jemar Tis
1349,Gin Stephens
1350,Matt de la Peña
1351,Kimberly Jones and Gilly Segal
1352,"Curtis '"50 Cent'" Jackson"
1353,Vishen Lakhiani
1354,Stephanie Kelton
1355,Shannon Hale
1356,Maria Scrivan
1357,James Patterson and Bill Clinton
1358,Daniel H Wilson
1359,Renée Watson
1360,Megha Majumdar
1361,Bakari Sellers
1362,Rutger Bregman
1363,Judy Mikovits and Kent Heckenlively
1364,Eric Cervini
1365,Chimamanda Ngozi Adichie
1366,Jennifer Harvey
1367,Deb Irving
1368,Brittney Cooper
1369,"Keltie Knight, Becca Tobin and Jac Vanek"
1370,Latasha Morrison
1371,Anthony William
1372,Christian Robinson
1373,Eoin Colfer
1374,EK Johnston
1375,Roseanne A Brown
1376,Alka Joshi
1377,Dan Crenshaw
1378,Danielle Bernstein with Emily Siegel
1379,Zachary D Carter
1380,"Mark Siegel and Alexis Siegel,"
1381,Julie Sykes
1382,Sue Monk Kidd
1383,Lawrence Wright
1384,James Patterson and Cynthia Fagen
1385,Dave Rubin
1386,Deborah Feldman
1387,Alicia Keys with Michelle Burford
1388,"Ben Kissel, Marcus Parks and Henry Zebrowski"
1389,Vivek H. Murthy
1390,André Aciman
1391,Elizabeth Gilbert
1392,Kim Michele Richardson
1393,Samantha Ir
1394,Jim Kwik
1395,Jen Hatmaker
1396,Dave Matthews and Clete Barrett Smith
1397,Monica Hesse
1398,John Lutz
1399,Tom O'Neill and Dan Piepenbring
1400,Jessica Simpson with Kevin Carr O’Leary
1401,Marie Kondo and Scott Sonenshein
1402,Ngozi Ukazu
1403,"Scott Cawthon, Andrea Waggener and Carly Anne West"
1404,Stephen Chbosky
1405,Scott Cawthon and Elley Cooper
1406,Samira Ahmed
1407,Elizabeth Wetmore
1408,Hilary Mantel
1409,Helen Hardt
1410,Louise Erdrich
1411,Colton Underwood
1412,Terry McMillan
1413,Andy Greene
1414,Matt Jones with Chris Tomlin
1415,Anne Glenconner
1416,Katherine Schwarzenegger Pratt
1417,Adam Higginbotham
1418,James Rallison
1419,Carrie Underwood with Eve Adamson
1420,Wesley King. Created  Kobe Bryant
1421,Becky Albertalli and Aisha Saeed
1422,Dean Koontz
1423,Amanda Eyre Ward
1424,Michael T Osterholm and Mark Olshaker
1425,Ronan Farrow
1426,Suze Orman
1427,David Enrich
1428,Thomas Piketty
1429,Jocko Willink
1430,ONE
1431,Akira Toriyama
1432,Janet Evanovich and Peter Evanovich
1433,Fern Michaels et al
1434,Julie Berry
1435,Martha MacCallum
1436,Philip Rucker and Carol Leonnig
1437,Brian Greene
1438,Colum McCann
1439,Isabel Allende
1440,Ezra Klein
1441,Zora Neale Hurston
1442,Anand Giridharadas
1443,Annie Matthew Created  Kobe Bryant
1444,Karen Kingsbury and Tyler Russell
1445,Erica Bauermeister
1446,Simon Sinek
1447,Stjepan Sejic
1448,Johanna Lindsey
1449,Chris Bohjalian
1450,Elizabeth Wein
1451,Antonio Iturbe
1452,Liz Moore
1453,Nicholas D Kristof and Sheryl WuDunn
1454,Paul Krugman
1455,Frances Liardet
1456,Caroline Kepnes
1457,Tommy Orange
1458,Ivy Claire Created  Kobe Bryant
1459,Jimmy Kimmel
1460,Ransom Riggs
1461,Abigail Hing Wen
1462,Melissa Albert
1463,Alan Moore
1464,Akira Himekawa
1465,Michael Allred and Steve Horton
1466,Tami Hoag
1467,David McCullough
1468,Elton John
1469,Erin Morgenstern
1470,Hillary Rodham Clinton and Chelsea Clinton
1471,Anonymous
1472,Sarah M Broom
1473,Rachel Maddow
1474,Charles Brandt
1475,Andrew Yang
1476,BJ Fogg
1477,JJ Smith
1478,Clement C Moore Various illustrators
1479,Rainbow Rowell
1480,Renée Ahdieh
1481,Denise Mina
1482,Ali Wong
1483,Gregory Zuckerman
1484,The Washington Post
1485,RJ Palacio
1486,Jennifer L Holm
1487,Malala Yousafzai with Patricia McCormick Adapted  Sarah J Robbins
1488,William Kamkwamba and Bryan Mealer
1489,"John Green, Maureen Johnson and Lauren Myracle"
1490,Glenn Simpson and Peter Fritsch
1491,Donald Trump Jr
1492,Neal Katyal and Sam Koppelman
1493,Julie Andrews and Emma Walton Hamilton
1494,Prince
1495,Michael Eric Dyson
1496,Mike Rowe
1497,Maxwell King
1498,Hampton Sides
1499,Kwame Mbalia
1500,Jenna Bush Hager and Barbara Pierce Bush
1501,Mackenzi Lee
1502,Rebecca Roanhorse
1503,Dan Carlin
1504,Edward Snowden
1505,Marc Benioff and Monica Langley
1506,Jen Wang
1507,Molly Knox Ostertag
1508,Victoria Schwab
1509,Rhett McLaughlin and Link Neal with Lance Rubin
1510,Lee Smith
1511,David Limbaugh
1512,Bill O'Reilly
1513,Sally Field
1514,Ben Horowitz
1515,Twyla Tharp
1516,Philip Pullman
1517,David Yoon
1518,Brent Weeks
1519,Demi Moore
1520,Jonathan Van Ness
1521,Eve Rodsky
1522,Stephen A Schwarzman
1523,Tilman Fertitta
1524,Bryan Caplan
1525,Robert Kirkman
1526,Matthew Mercer and Matthew Colville
1527,Marjorie Liu
1528,Max Brooks
1529,Rebecca Hanover
1530,Joe Hill
1531,Donna Tartt
1532,Jim Mattis and Bing West
1533,Chanel Miller
1534,Elvis Duran
1535,Debbie Harry
1536,Jeannie Gaffigan
1537,David Lagercrantz
1538,Lara Prescott
1539,Dan Bongino
1540,Samantha Power
1541,Therese Anne Fowler
1542,Jill Lepore
1543,Gabrielle Bernstein
1544,Felicia Day
1545,Henry Winkler and Lin Oliver
1546,Sonia Sotomayor
1547,Dr Seuss
1548,Brandon Mull.
1549,Craig Johnson
1550,David A Sinclair and Matthew D LaPlante
1551,Mat Best with Ross Patterson and Nils Parker
1552,Jodi Kantor and Megan Twohey
1553,Brad Smith and Carol Ann Browne
1554,Brian Azzarello
1555,Ben Hatke
1556,Scott Snyder
1557,Chris Ware
1558,Garth Stein
1559,Neal Shusterman
1560,Ilona Andrews
1561,Jeanine Pirro
1562,Lisa Taddeo
1563,Jia Tolentino
1564,Mary Beth Keane
1565,Téa Obreht
1566,Mark R Levin
1567,Melinda Gates
1568,Rick Atkinson
1569,Jen Gunter
1570,Pat and Jen from PopularMMOs
1571,Ibi Zoboi
1572,Anna Dewdney and Reed Duncan
1573,Chris Van Dusen
1574,Alvin Schwartz
1575,Erin A Craig
1576,Sarah Dessen
1577,Dashka Slater
1578,Daniel Immerwahr
1579,Kevin Hart with Neil Strauss
1580,Beth Macy
1581,Timothy C Winegard
1582,Andre Iguodala with Carvell Wallace
1583,Marty Smith
1584,Ab Wambach
1585,William Finnegan
1586,Jerry Remy and Nick Cafardo
1587,Bud Selig with Phil Rogers
1588,Joe Namath with Sean Mortimer and Don Yaeger
1589,Pierce Brown
1590,Iris Johansen
1591,Richard Russo
1592,Mollie Hemingway and Carrie Severino
1593,Ben Folds
1594,Terry McAuliffe
1595,with related materials  The Washington Post
1596,Laura Lippman
1597,David Brooks
1598,Tim Alberta
1599,Gretchen McCulloch
1600,Laura Lynne Jackson
1601,"Cassandra Clare, Sarah Rees Brennan, Maureen Johnson, Kelly Link and Robin Wasserman"
1602,Rory Power
1603,Chandler Baker
1604,Natalie Barelli
1605,Michael J Sullivan
1606,Brian Freeman
1607,Stan Lee and Kat Rosenfield
1608,"Paul Holes, Jim Clemente and Peter McDonnell"
1609,Paul Goldberger
1610,Linda Holmes
1611,Nancy Thayer
1612,Howard Stern
1613,Jon Meacham and Tim McGraw
1614,Maureen Callahan
1615,Joy-Ann Reid
1616,Ocean Vuong
1617,Cristina Alger
1618,Dan Schilling and Lori Chapman Longfritz
1619,William H McRaven
1620,Karen Kilgariff and Georgia Hardstark
1621,Roshani Chokshi
1622,Susanna Leonard Hill
1623,Guillermo del Toro and Cornelia Funke
1624,Jennifer Donnelly
1625,Neal Stephenson
1626,Kate McKinnon and Emily Lynne
1627,Sarah Haywood
1628,Chelsea Handler
1629,Charles Fishman
1630,Robert Macfarlane
1631,Louise Aronson
1632,Annaka Harris
1633,Ben Lindbergh and Travis Sawchik
1634,Tyler Kepner
1635,Pete Rose
1636,Lamar Odom and Chris Palmer
1637,Dorothea Benton Frank
1638,Sarah Blake
1639,E L James
1640,Terry Brooks
1641,with an introduction  Alan Dershowitz
1642,Casey Cep
1643,CNN
1644,Tony Horwitz
1645,Thomas Harris
1646,Anthony Horowitz
1647,Tom Cotton
1648,Dan Abrams and David Fisher
1649,Kate Morton
1650,the office of the special counsel
1651,Lynn Vincent and Sara Vladic
1652,Adam Gidwitz
1653,Mike Lupica
1654,Kobi Yamada
1655,Corinna Luyken
1656,James Patterson and Gabrielle Charbonnet
1657,Caroline Mitchell
1658,Nicholas Sansbury Smith
1659,Graham Hancock
1660,David Bach and John David Mann
1661,"Eric Schmidt, Jonathan Rosenberg and Alan Eagle"
1662,Katherine Eban
1663,David Cone and Jack Curry
1664,Kirk Goldsberry
1665,Cal Ripken Jr and James Dale
1666,John Urschel and Louisa Thomas
1667,Kristen Ashley
1668,Stephanie Laurens
1669,Allison Brennan
1670,Kelly Corrigan
1671,Mitchell Zuckoff
1672,Etaf Rum
1673,James Patterson and Peter de Jonge
1674,Anna Quindlen
1675,Jared Cohen
1676,TD Jakes
1677,Paris Rosenthal and Jason Rosenthal
1678,Yangsze Choo
1679,Billy Jensen
1680,Bill McKibben
1681,Steven Strogatz
1682,Ron Darling with Daniel Paisner
1683,Jeff Benedict and Armen Keteyian
1684,Brian Windhorst
1685,Joseph Finder
1686,Cliff Sims
1687,Chris Christie with Ellis Henican
1688,Nadia Bolz-Weber
1689,Kerri Rawson
1690,Madeleine Albright with Bill Woodward
1691,Mary Oliver
1692,"Charles Krauthammer,"
1693,Dani Shapiro
1694,David Treuer
1695,Jasmine Guillory
1696,Josie Silver
1697,Tiffany Haddish
1698,Hanif Abdurraqib
1699,Sophie Blackall
1700,Brigid Kemmerer
1701,Patrick Rothfuss
1702,Andrew Rowe
1703,Graham Norton
1704,Ryder Carroll
1705,Stephen Hawking
1706,Alex Hutchinson
1707,Ian O'Connor
1708,Josh Malerman
1709,Andrew Roberts
1710,Michael Diamond and Adam Horovitz
1711,Melissa Hartwig and Dallas Hartwig
1712,Aisha Saeed
1713,Mac Barnett
1714,Marlon Bundo with Jill Twiss
1715,Dan Kainen and Kathy Wollard
1716,Sara Holland
1717,Gabrielle Union
1718,Joe Kenda
1719,Kiese Laymon
1720,Chip Gaines and Joanna Gaines with Mark Dagostino
1721,The Editors of Sports
1722,"Jackie MacMullan, Rafe Bartholomew and Dan Klores"
1723,John Feinstein
1724,Glenn Stout and Richard A Johnson
1725,Corey R Lewandowski and David N Bossie
1726,Justin Timberlake
1727,Brian Kilmeade and Don Yaeger
1728,Liza Mundy
1729,Garrard Conley
1730,The Staff of the Late Show With Stephen Colbert
1731,Lin-Manuel Miranda
1732,Chrissy Teigen and Adeena Sussman
1733,Dylan Thuras and Rosemary Mosco
1734,Tracey Baptiste
1735,Ryan T Higgins
1736,Kel Kade
1737,Sandie Jones
1738,Howard Zinn
1739,Seth Godin
1740,Scott Kelly
1741,Bob Orr
1742,Jeff Pearlman
1743,Nalini Singh
1744,Susan Stoker
1745,Abbi Jacobson
1746,Greg Lukianoff and Jonathan Haidt
1747,Joseph Fink
1748,Michael Beschloss
1749,Nate Blakeslee
1750,Reese Witherspoon
1751,Brandon Mull
1752,John Cena
1753,Shirley Jackson
1754,Laurie Frankel
1755,David Christian
1756,Busy Philipps
1757,Megan Mullally and Nick Offerman
1758,Howard Marks
1759,Scott Harrison with Lisa Sweetingham
1760,Kai-Fu Lee
1761,Neil deGrasse Tyson and Avis Lang
1762,Sydnee McElroy and Justin McElroy
1763,Gary M Pomerantz
1764,David Weber
1765,Anne Rice
1766,Bernard Cornwell
1767,Hank Green
1768,Rebecca Traister
1769,Stormy Daniels with Kevin Carr O'Leary
1770,Gisele Bündchen
1771,Greg Miller
1772,Eric Idle
1773,Brian K Vaughan
1774,Darcey Bell
1775,Stephen King and Owen King
1776,Brian Phillips
1777,James R Hansen
1778,David Jeremiah
1779,Katty Kay and Claire Shipman with Jillellyn Riley
1780,Neil Patrick Harris and Alec Azam
1781,Susan Verde
1782,Jonathan and Drew Scott
1783,Savannah Guthrie and Allison Oppenheim
1784,Kazu Kibuishi
1785,Laini Taylor
1786,Kwame Alexander with Mary Rand Hess
1787,Neal Shusterman and Jarrod Shusterman
1788,David Levithan
1789,Gillian Flynn
1790,Walter Mosley
1791,Robert Dugoni
1792,Catherine Steadman
1793,Niall Kishtainy
1794,Tom Wright and Bradley Hope
1795,Adam Schefter
1796,JRR Tolkien
1797,Tessa Dare
1798,Sherrilyn Kenyon
1799,John McCain and Mark Salter
1800,Gregg Jarrett
1801,Daniel Siegel
1802,Omarosa Manigault Newman
1803,Craig Unger
1952,Chip Gaines
1804,Hans Rosling with Ola Rosling and Anna Rosling Ronnlund
1805,Mary Ann Shaffer and Annie Barrows
1806,Sue Grafton
1807,Ron Stallworth
1808,Steven R Gundry
1809,Pat Zietlow Miller
1810,Susan Patterson and James Patterson
1811,Richard Cowdrey
1812,Dan Santat
1813,David Shannon
1814,James Patterson and others
1815,Claire Legrand
1816,Laura Sebastian
1817,Tom Clancy
1818,Douglas Adams
1819,Lacey Baldwin Smith
1820,Masaji Ishikawa
1821,David Spade
1822,Rick Wilson
1823,David Quammen
1824,Nick Foles with Joshua Cooley
1825,Doug Pederson with Dan Pompei
1826,Jose Baez with George Willis
1827,Ben Reiter
1828,Casey Sherman and Dave Wedge
1829,Penny Reid
1830,Charles Krauthammer
1831,Lauren Weisberger
1832,Michiko Kakutani
1833,Bruce Henderson
1834,The Daily Show With Trevor Noah
1835,Robert Beatty
1836,Alex Hirsch and various illustrators
1837,Jordan B Peterson
1838,Mike Myers
1839,John Doerr
1840,Margot Lee Shetterly
1841,Sarah Wilson
1842,Scott Jurek with Jenny Jurek
1843,Tom Coyne
1844,Tim Tebow
1845,John McEnroe
1846,Newt Gingrich
1847,Dan Pfeiffer
1848,Anthony Ray Hinton with Lara Love Hardin
1849,Susannah Cahalan
1850,Maria Shriver
1851,Pittacus Lore
1852,"Cynthia Hand, Brodi Ashton and Jodi Meadows"
1853,Steve Brusatte
1854,Keith Hernandez
1855,Roger Bennett and Michael Davies
1856,Shea Serrano
1857,Michael Bennett and Dave Zirin
1858,James Comey
1859,James R Clapper with Trey Brown
1860,Steven Brill
1861,Michael Ondaatje
1862,Bret Baier and Catherine Whitney
1863,James Patterson and Rees Jones
1864,Ian K Smith
1865,Temple Grandin with Betsy Lerner
1866,Veronica Roth
1867,Ellery Adams
1868,Ken Langone
1869,Carlo Rovelli
1870,Simon Winchester
1871,Rashad Jennings with Margot Starbuck
1872,Mike Pesca
1873,Aimee Molloy
1874,Ace Atkins
1875,Michael V Hayden
1876,Denise Kiernan
1877,Ainsley Earhardt with Mark Tabb
1878,Jonah Goldberg
1879,Rachel Kushner
1880,Chuck Palahniuk
1881,Jake Tapper
1882,Meg Wolitzer
1883,Rick Bragg
1884,Michael Isikoff and David Corn
1885,Robert M Sapolsky
1886,edited  Roxane Gay
1887,Dan Egan
1888,Robert O'Neill
1889,Jean Reagan
1890,Jimmy Fallon
1891,Gayle Forman
1892,Mary H K Choi
1893,Kevin Hearne
1894,Matt Goldman
1895,James Taylor Johnston
1896,Seth Meyerowitz with Peter F Stevens
1897,Jennifer Palmieri
1898,John Lewis Gaddis
1899,Daniel H Pink
1900,David Reich
1901,Robert Kurson
1902,Nick Caruso and Dani Rabaiotti
1903,Deena Kastor and Michelle Hamilton
1904,Ray Allen with Michael Arkush
1905,Elgin Baylor with Alan Eisenstock
1906,Meghan March
1907,Jason Matthews
1908,Chrissy Metz
1909,Jimmy Carter
1910,Jerome R Corsi
1911,Elizabeth George
1912,Erika Jayne
1913,Georgia Hunter
1914,Doug Stanton
1915,Peter Frankopan
1916,Tom Clavin
1917,Mari Andrew
1918,Danielle Town with Phil Town
1919,Kathie Lee Gifford with Rabbi Jason Sobel
1920,Elena L Botelho and Kim R Powell with Tahl Raz
1921,Charlotte Pence
1922,Junot Díaz
1923,Ally Carter
1924,Marieke Nijkamp
1925,Sarah A Denzil
1926,Peter Clines
1927,Michael Robotham
1928,Alafair Burke
1929,Michael Korda
1930,Nassim Nicholas Taleb
1931,Gary Vaynerchuk
1932,Jon Taffer
1933,Dion Leonard with with Craig Borlase
1934,Aly Raisman
1935,Kareem Abdul-Jabbar and Raymond Obstfeld
1936,Laurie Hernandez
1937,Marie Force
1938,Corinne Michaels
1939,John Hart
1940,John Banville
1941,Steve Coll
1942,Jeff VanderMeer
1943,Jill Santopolo
1944,Michael Finkel
1945,Haylie Pomroy with Eve Adamson
1946,Elena Favilli and Francesca Cavallo
1947,Brian Selznick and David Serlin
1948,Richard K Morgan
1949,Ashlee Vance
1950,Amanda Palmer
1951,Daymond John with Daniel Paisner
1953,Daniel Coyle
1954,Timothy Ferriss
1955,Alan Bradley
1956,Ronen Bergman
1957,Rose McGowan
1958,J Randy Taraborrelli
1959,David Frum
1960,David Cay Johnston
1961,Steven Levitsky and Daniel Ziblatt
1962,Jesmyn Ward
1963,Dave Eggers
1964,Morgan Jerkins
1965,Melissa Hartwig
1966,Neil Patrick Harris
1967,James Dashner
1968,"Sarah Mlynowski, Lauren Myracle  and Emily Jenkins"
1969,Chip Heath and Dan Heath
1970,Douglas Preston
1971,Dale Bredesen
1972,Jonathan Eig
1973,EL James
1974,Jayne Ann Krentz
1975,Joe Biden
1976,edited  Bandy X Lee
1977,Chris Matthews
1978,Mary Beard
1979,Jessica Shattuck
1980,Luke Harding
1981,Margareta Magnusson
1982,Dan Harris and Jeff Warren with Carlye Adler
1983,Rob Renzetti and Alex Hirsch
1984,Adam Rubin and Daniel Salmieri
1985,Peter Wohlleben
1986,Shalane Flanagan and Elyse Kopecky
1987,"Rodrigo Corral, Alex French and Howie Kahn"
1988,Julian Edelman with Tom E Curran
90,Jeff Kinney
